001.jpg,545,140,585,170,burger-menu
002.jpg,555,137,590,170,burger-menu
003.jpg,547,140,590,170,burger-menu
004.jpg,546,150,577,181,burger-menu
005.jpg,25,196,60,226,burger-menu
006.jpg,540,140,570,170,burger-menu
007.jpg,540,140,577,170,burger-menu
008.jpg,78,230,105,255,burger-menu
009.jpg,41,156,577,181,burger-menu
010.jpg,525,147,586,193,burger-menu
011.jpg,29,146,59,168,burger-menu
012.jpg,469,146,516,179,burger-menu
013.jpg,537,105,580,140,burger-menu
014.jpg,29,142,59,173,burger-menu
015.jpg,34,147,103,194,burger-menu
016.jpg,28,145,61,173,burger-menu
017.jpg,30,79,61,104,burger-menu
018.jpg,27,144,61,170,burger-menu
019.jpg,29,145,64,174,burger-menu
020.jpg,16,133,60,171,burger-menu
021.jpg,15,143,46,178,burger-menu
022.jpg,22,213,57,248,burger-menu
023.jpg,544,166,578,198,burger-menu
024.jpg,28,148,63,177,burger-menu
025.jpg,35,145,93,182,burger-menu
026.jpg,26,142,62,174,burger-menu
027.jpg,480,191,543,231,burger-menu
028.jpg,47,162,87,197,burger-menu
029.jpg,26,197,59,226,burger-menu
030.jpg,550,142,587,178,burger-menu
031.jpg,73,150,112,182,burger-menu
032.jpg,16,137,65,178,burger-menu
033.jpg,534,156,571,189,burger-menu
034.jpg,545,143,588,174,burger-menu
035.jpg,543,147,574,175,burger-menu
036.jpg,540,139,585,178,burger-menu
037.jpg,533,157,573,188,burger-menu
038.jpg,52,136,103,172,burger-menu
039.jpg,29,148,66,181,burger-menu
040.jpg,29,137,59,164,burger-menu
041.jpg,545,143,575,168,burger-menu
042.jpg,23,207,57,240,burger-menu
043.jpg,34,150,64,173,burger-menu
044.jpg,525,143,568,187,burger-menu
045.jpg,31,255,76,290,burger-menu
046.jpg,36,242,65,268,burger-menu
047.jpg,524,158,563,190,burger-menu
048.jpg,28,140,70,164,burger-menu
049.jpg,26,197,60,228,burger-menu
050.jpg,34,132,63,159,burger-menu
051.jpg,522,163,565,193,burger-menu
052.jpg,546,142,585,174,burger-menu
053.jpg,508,151,583,208,burger-menu
054.jpg,545,83,578,117,burger-menu
055.jpg,32,391,84,434,burger-menu
056.jpg,27,145,63,171,burger-menu
057.jpg,29,152,74,188,burger-menu
058.jpg,26,214,56,239,burger-menu
059.jpg,26,143,63,170,burger-menu
060.jpg,528,143,566,170,burger-menu
061.jpg,513,142,557,179,burger-menu
062.jpg,552,56,586,82,burger-menu
063.jpg,552,56,586,82,burger-menu
064.jpg,552,56,586,82,burger-menu
065.jpg,552,56,586,82,burger-menu
066.jpg,552,56,586,82,burger-menu
067.jpg,552,56,586,82,burger-menu
068.jpg,552,56,586,82,burger-menu
069.jpg,552,56,586,82,burger-menu
070.jpg,552,56,586,82,burger-menu
071.jpg,552,56,586,82,burger-menu
072.jpg,552,56,586,82,burger-menu
073.jpg,552,56,586,82,burger-menu
074.jpg,552,56,586,82,burger-menu
075.jpg,549,155,585,183,burger-menu
076.jpg,26,94,56,113,burger-menu
077.jpg,539,149,579,191,burger-menu
078.jpg,22,132,64,176,burger-menu
079.jpg,545,142,575,171,burger-menu
080.jpg,542,161,574,188,burger-menu
081.jpg,27,145,62,173,burger-menu
082.jpg,26,197,60,226,burger-menu
083.jpg,553,271,580,294,burger-menu
084.jpg,539,240,581,278,burger-menu
085.jpg,49,144,88,173,burger-menu